experiment_id,randomseed,numcom,numnodes,radius,gamma_init,gamma_arc,gamma_node,optgap,numarcs,total_time,goodinstance_flag
54,35561,300,150,0.15,200,27912.0,5100.0,0.01,1406,72.36020302772522,0
54,35561,300,150,0.15,200,27912.0,2650.0,0.01,1406,Inf,0
54,35561,300,150,0.15,200,27912.0,1425.0,0.01,1406,Inf,0
54,35561,300,150,0.15,200,27912.0,812.0,0.01,1406,Inf,0
54,35561,300,150,0.15,200,27912.0,506.0,0.01,1406,Inf,0
54,35561,300,150,0.15,200,27912.0,353.0,0.01,1406,Inf,0
54,35561,300,150,0.15,200,27912.0,276.0,0.01,1406,Inf,0
54,35561,300,150,0.15,200,27912.0,238.0,0.01,1406,Inf,0
54,35561,300,150,0.15,200,27912.0,238.0,0.01,1406,3612.0510091781616,1
