experiment_id,randomseed,numcom,numnodes,radius,gamma_init,gamma_arc,gamma_node,optgap,numarcs,total_time,goodinstance_flag
49,43561,100,50,0.3,200,28899.0,100.0,0.01,544,Inf,0
49,43561,100,50,0.3,200,28899.0,150.0,0.01,544,814.0185089111328,0
49,43561,100,50,0.3,200,28899.0,125.0,0.01,544,Inf,0
49,43561,100,50,0.3,200,28899.0,112.0,0.01,544,Inf,0
49,43561,100,50,0.3,200,28899.0,118.0,0.01,544,917.3850200176239,0
49,43561,100,50,0.3,200,28899.0,122.0,0.01,544,1429.9090158939362,0
49,43561,100,50,0.3,200,28899.0,120.0,0.01,544,Inf,0
49,43561,100,50,0.3,200,28899.0,120.0,0.01,544,3601.524498939514,1
