ID,numcommodities,numnodes,radius,numarcs,method,lp_obj,ip_obj,mp_time,sp_time,ip_time,full_time,iterations,finalarccount,finalpathcount
22,300,150,0.15,1402,mvg,1584.8949999999995,1588.7399999999989,1.3979897499084473,132.85582447052002,3.4092960357666016,158.67877316474915,11,11085,0
22,300,150,0.15,1402,svg,1584.895000000002,1587.910000000001,57.002934217453,5.522289276123047,4.29047417640686,526.5974638462067,227,48737,0
22,300,150,0.15,1402,pbcg,1584.894999999999,1589.6300000000003,0.27109265327453613,215.56438946723938,30.721435070037842,248.1583731174469,15,0,2760
22,300,150,0.15,1402,ip,1584.8949999999993,1585.8599999999972,0,0,1065.566076040268,1065.566076040268,0,420900,0
