ID,numcommodities,numnodes,radius,numarcs,method,lp_obj,ip_obj,mp_time,sp_time,ip_time,full_time,iterations,finalarccount,finalpathcount
23,300,150,0.15,1394,mvg,1527.5699999999965,1531.6699999999967,3.9009783267974854,140.47208333015442,14.863962888717651,181.15930843353271,12,13256,0
23,300,150,0.15,1394,svg,1527.5699999999956,1531.8299999999967,86.27710747718811,4.74153995513916,50.85072588920593,516.2405905723572,204,47835,0
23,300,150,0.15,1394,pbcg,1527.57,1537.8199999999997,0.7159018516540527,192.97284650802612,26.924931049346924,221.06853652000427,15,0,3315
23,300,150,0.15,1394,ip,1527.5699999999956,1530.4099999999958,0,0,2742.1973819732666,2742.1973819732666,0,418500,0
