ID,numcommodities,numnodes,radius,numarcs,method,lp_obj,ip_obj,mp_time,sp_time,ip_time,full_time,iterations,finalarccount,finalpathcount
54,300,150,0.15,1406,mvg,1894.414999999996,1904.4299999420477,3.9753568172454834,185.25734210014343,21.112104892730713,241.76075863838196,16,18173,0
54,300,150,0.15,1406,svg,1894.4149999999981,1901.829999999998,117.10916423797607,6.030186891555786,180.91024494171143,674.4412250518799,242,54829,0
54,300,150,0.15,1406,pbcg,1894.4150000000004,1907.4199999999992,1.305474042892456,249.32937788963318,20.212454080581665,300.91893196105957,17,0,4358
54,300,150,0.15,1406,ip,1894.4149999999902,1895.4699999999932,0,0,584.0637261867523,0,0,422100,0
