ID,numcommodities,numnodes,radius,numarcs,method,lp_obj,ip_obj,mp_time,sp_time,ip_time,full_time,iterations,finalarccount,finalpathcount
9,200,100,0.2,1030,mvg,1003.6299999999981,1018.1200000000001,0.5032317638397217,39.3869354724884,25.131704092025757,47.182459115982056,10,5134,0
9,200,100,0.2,1030,svg,1003.6299999999993,101017.11999999991,11.693075180053711,1.5005335807800293,135.9911379814148,109.34975838661194,127,20892,0
9,200,100,0.2,1030,pbcg,1003.6299999999998,1016.1,0.2536282539367676,51.89883589744568,588.6088740825653,60.95816087722778,13,0,1691
9,200,100,0.2,1030,ip,1003.6300000000016,1013.2000000000007,0,0,301.7616069316864,301.7616069316864,0,206200,0
