ID,numcommodities,numnodes,radius,numarcs,method,lp_obj,ip_obj,mp_time,sp_time,ip_time,full_time,iterations,finalarccount,finalpathcount
8,200,100,0.2,1028,mvg,982.8849999999987,988.3599999999993,2.5240955352783203,47.066537380218506,6.698974847793579,63.12638711929321,12,9096,0
8,200,100,0.2,1028,svg,982.8849999999991,988.4200000000008,44.9327130317688,1.8285696506500244,8.765671968460083,188.11118578910828,154,26640,0
8,200,100,0.2,1028,pbcg,982.8849999999998,993.9800000000006,0.24959683418273926,59.02383756637573,247.9200930595398,69.20755290985107,15,0,2032
8,200,100,0.2,1028,ip,982.8849999999989,987.7200000000003,0,0,145.9429349899292,145.9429349899292,0,205800,0
