ID,numcommodities,numnodes,radius,numarcs,method,lp_obj,ip_obj,mp_time,sp_time,ip_time,full_time,iterations,finalarccount,finalpathcount
1,200,100,0.2,940,mvg,1157.0550000000017,1171.0300000000022,1.3060495853424072,65.66036128997803,103.12409806251526,84.19345784187317,16,8840,0
1,200,100,0.2,940,svg,1157.0550000000035,1167.560000000003,33.91016101837158,1.2962262630462646,41.15644598007202,137.3531391620636,148,25825,0
1,200,100,0.2,940,pbcg,1157.0550000000005,1171.519999999999,0.6885561943054199,73.33066010475159,2081.800945997238,87.93858766555786,17,0,2844
1,200,100,0.2,940,ip,1157.0550000000023,1161.5000000000025,0,0,849.0865399837494,849.0865399837494,0,188200,0
